train_cases,test_cases,obs_dim,param_dim,ok_ratio,mean_uncertainty,mean_abs_err_all_params,mean_rel_err_all_params,within_10pct_all_ratio,mean_abs_err_kabs,mean_rel_err_kabs,mean_abs_err_kmax,mean_rel_err_kmax,mean_abs_err_kmin,mean_rel_err_kmin,mean_abs_err_kp1,mean_rel_err_kp1,mean_abs_err_kp2,mean_rel_err_kp2,mean_abs_err_kp3,mean_rel_err_kp3,mean_abs_err_ka1,mean_rel_err_ka1,mean_abs_err_ka2,mean_rel_err_ka2,mean_abs_err_kd,mean_rel_err_kd,mean_abs_err_ksc,mean_rel_err_ksc,mean_abs_err_Vmx,mean_rel_err_Vmx,mean_abs_err_Km0,mean_rel_err_Km0
102,26,288,12,1.0,0.06835455160874587,0.07172107944885889,0.07060639799532047,0.0,0.11654508113861084,0.11838911035029884,0.08992904653915992,0.0830427360064719,0.0912818771142226,0.09428406227463422,0.036683421868544355,0.037064788064427784,0.09176631844960727,0.08650031811584505,0.06130358806023231,0.05856159127815078,0.08734894257325393,0.08752941874833227,0.09006172647842994,0.08510132075691143,0.04719708974544819,0.04663062311765767,0.044170535527742825,0.046234572092295596,0.04949771440946139,0.05045263212835309,0.054867611481593206,0.05348560301046698
