{
  "n_cases": 26,
  "mean_rmse_real_vs_virtual": 5.377507606377969,
  "mean_rmse_real_vs_nominal": 11.737463680597452,
  "mean_mae_real_vs_virtual": 2.494088198129947,
  "mean_mae_real_vs_nominal": 5.472413003444672,
  "mean_mard_real_vs_virtual_pct": 0.9395140742596525,
  "mean_mard_real_vs_nominal_pct": 1.9368970515922859,
  "mean_improve_rmse_pct": 52.19346628318708,
  "virtual_better_ratio": 0.9230769230769231,
  "best_improve_rmse_pct": 91.49587987059451,
  "worst_improve_rmse_pct": -136.23017333314564
}