train_cases,test_cases,obs_dim,param_dim,ok_ratio,mean_uncertainty,mean_abs_err_all_params,mean_rel_err_all_params,within_10pct_all_ratio,mean_abs_err_kabs,mean_rel_err_kabs,mean_abs_err_kmax,mean_rel_err_kmax,mean_abs_err_kmin,mean_rel_err_kmin,mean_abs_err_kp1,mean_rel_err_kp1,mean_abs_err_kp2,mean_rel_err_kp2,mean_abs_err_kp3,mean_rel_err_kp3,mean_abs_err_ka1,mean_rel_err_ka1,mean_abs_err_ka2,mean_rel_err_ka2,mean_abs_err_kd,mean_rel_err_kd,mean_abs_err_ksc,mean_rel_err_ksc,mean_abs_err_Vmx,mean_rel_err_Vmx,mean_abs_err_Km0,mean_rel_err_Km0
102,26,288,12,1.0,0.0656481984978876,0.06980589165901527,0.0703051163820448,0.038461538461538464,0.11773395309081444,0.12525743959191063,0.08429296429340656,0.08264534579651082,0.07911170904452984,0.07844304892201076,0.036527509872729964,0.036302273172319995,0.0749861322916471,0.07695581073019805,0.07677579613832328,0.0766727019401927,0.09122747412094703,0.08847016940784092,0.09501522320967454,0.0973899688427646,0.038800060749053955,0.03887888380848866,0.03952716405575092,0.03963861055888763,0.04848755781467144,0.04769370407010273,0.0551851552266341,0.05531343974330997
