{
  "n_cases": 26,
  "mean_rmse_real_vs_virtual": 9.4918396289532,
  "mean_rmse_real_vs_nominal": 29.608046605036808,
  "mean_mae_real_vs_virtual": 8.299088317614336,
  "mean_mae_real_vs_nominal": 27.96590751868028,
  "mean_mard_real_vs_virtual_pct": 3.0950456141279292,
  "mean_mard_real_vs_nominal_pct": 10.684931027488066,
  "mean_improve_rmse_pct": 54.122588722090896,
  "virtual_better_ratio": 0.9230769230769231,
  "best_improve_rmse_pct": 89.69878293901415,
  "worst_improve_rmse_pct": -73.35976950546683
}