train_cases,test_cases,obs_dim,param_dim,ok_ratio,mean_uncertainty,mean_abs_err_all_params,mean_rel_err_all_params,within_10pct_all_ratio,mean_abs_err_kabs,mean_rel_err_kabs,mean_abs_err_kmax,mean_rel_err_kmax,mean_abs_err_kmin,mean_rel_err_kmin,mean_abs_err_kp1,mean_rel_err_kp1,mean_abs_err_kp2,mean_rel_err_kp2,mean_abs_err_kp3,mean_rel_err_kp3,mean_abs_err_ka1,mean_rel_err_ka1,mean_abs_err_ka2,mean_rel_err_ka2,mean_abs_err_kd,mean_rel_err_kd,mean_abs_err_ksc,mean_rel_err_ksc,mean_abs_err_Vmx,mean_rel_err_Vmx,mean_abs_err_Km0,mean_rel_err_Km0
102,26,288,12,1.0,0.06590730134541026,0.0755019730482346,0.07504269033287335,0.038461538461538464,0.10964362208659832,0.10518209595302706,0.07449489602675805,0.06896665046464448,0.08620617022881141,0.08970594727793889,0.08096909981507522,0.07905215138948399,0.10096076360115638,0.10295405683593484,0.07571110587853652,0.07258105337378032,0.08443176746368408,0.08324085125843877,0.09140947690376869,0.09302089436716933,0.04485912506396954,0.04604905069423702,0.05639740824699402,0.0574353491933549,0.045718871630155124,0.04671718056296541,0.05522136963330782,0.05560700262350522
