{
  "n_cases": 26,
  "mean_rmse_real_vs_virtual": 22.97644670193012,
  "mean_rmse_real_vs_nominal": 36.072612689091606,
  "mean_mae_real_vs_virtual": 21.601145781003513,
  "mean_mae_real_vs_nominal": 33.92141388012813,
  "mean_mard_real_vs_virtual_pct": 8.157144859433174,
  "mean_mard_real_vs_nominal_pct": 12.871210090816021,
  "mean_improve_rmse_pct": 36.5752000828456,
  "virtual_better_ratio": 1.0,
  "best_improve_rmse_pct": 62.14381314559321,
  "worst_improve_rmse_pct": 9.976509883154938
}