train_cases,test_cases,obs_dim,param_dim,ok_ratio,mean_uncertainty,mean_abs_err_all_params,mean_rel_err_all_params,within_10pct_all_ratio,mean_abs_err_kabs,mean_rel_err_kabs,mean_abs_err_kmax,mean_rel_err_kmax,mean_abs_err_kmin,mean_rel_err_kmin,mean_abs_err_kp1,mean_rel_err_kp1,mean_abs_err_kp2,mean_rel_err_kp2,mean_abs_err_kp3,mean_rel_err_kp3,mean_abs_err_ka1,mean_rel_err_ka1,mean_abs_err_ka2,mean_rel_err_ka2,mean_abs_err_kd,mean_rel_err_kd,mean_abs_err_ksc,mean_rel_err_ksc,mean_abs_err_Vmx,mean_rel_err_Vmx,mean_abs_err_Km0,mean_rel_err_Km0
102,26,288,12,1.0,0.06537387983348125,0.06768578615708229,0.06810363559335414,0.0,0.09461528979814969,0.09787157964840668,0.07282345111553486,0.07198171571157311,0.10470073268963741,0.10132349042101534,0.04904102591367868,0.05124685874931167,0.07258527324749874,0.0724321836572803,0.05611810088157654,0.05733629227144578,0.07437326587163486,0.07121040220241544,0.08244622899935795,0.08521127226427003,0.05167047794048603,0.05325481843523928,0.05398781941487239,0.05559123234590217,0.050393606607730575,0.04969872850349809,0.049474161404829756,0.05008505290989184
