{
  "n_cases": 26,
  "mean_rmse_real_vs_virtual": 2.8623298750473904,
  "mean_rmse_real_vs_nominal": 8.328324813109178,
  "mean_mae_real_vs_virtual": 1.211512477352069,
  "mean_mae_real_vs_nominal": 3.757184908940242,
  "mean_mard_real_vs_virtual_pct": 0.4367416442479365,
  "mean_mard_real_vs_nominal_pct": 1.3338126779462283,
  "mean_improve_rmse_pct": 55.833124318615546,
  "virtual_better_ratio": 0.8846153846153846,
  "best_improve_rmse_pct": 92.20950951086598,
  "worst_improve_rmse_pct": -7.319516895847067
}