train_cases,test_cases,obs_dim,param_dim,ok_ratio,mean_uncertainty,mean_abs_err_all_params,mean_rel_err_all_params,within_10pct_all_ratio,mean_abs_err_kabs,mean_rel_err_kabs,mean_abs_err_kmax,mean_rel_err_kmax,mean_abs_err_kmin,mean_rel_err_kmin,mean_abs_err_kp1,mean_rel_err_kp1,mean_abs_err_kp2,mean_rel_err_kp2,mean_abs_err_kp3,mean_rel_err_kp3,mean_abs_err_ka1,mean_rel_err_ka1,mean_abs_err_ka2,mean_rel_err_ka2,mean_abs_err_kd,mean_rel_err_kd,mean_abs_err_ksc,mean_rel_err_ksc,mean_abs_err_Vmx,mean_rel_err_Vmx,mean_abs_err_Km0,mean_rel_err_Km0
102,26,288,12,1.0,0.06687438766806363,0.07125380425116955,0.07130455589953422,0.0,0.10732737871316764,0.10967212195246336,0.08400938831842862,0.08603113113227259,0.08043846258750328,0.0771995024583673,0.05155434287511385,0.053345157561053846,0.08650776743888855,0.0891956282091137,0.08423003325095543,0.08377443333230292,0.0837107186134045,0.07994546086026966,0.09083279279562143,0.08897838713813741,0.04702817935210008,0.04666994341600707,0.04302835005980272,0.04367365070022325,0.040910425094457775,0.04058021045744683,0.05546781191459069,0.056589043576752755
