train_cases,test_cases,obs_dim,param_dim,ok_ratio,mean_uncertainty,mean_abs_err_all_params,mean_rel_err_all_params,within_10pct_all_ratio,mean_abs_err_kabs,mean_rel_err_kabs,mean_abs_err_kmax,mean_rel_err_kmax,mean_abs_err_kmin,mean_rel_err_kmin,mean_abs_err_kp1,mean_rel_err_kp1,mean_abs_err_kp2,mean_rel_err_kp2,mean_abs_err_kp3,mean_rel_err_kp3,mean_abs_err_ka1,mean_rel_err_ka1,mean_abs_err_ka2,mean_rel_err_ka2,mean_abs_err_kd,mean_rel_err_kd,mean_abs_err_ksc,mean_rel_err_ksc,mean_abs_err_Vmx,mean_rel_err_Vmx,mean_abs_err_Km0,mean_rel_err_Km0
102,26,288,12,1.0,0.06530321760174748,0.06882999837398529,0.06857150672196594,0.0,0.10545910550997807,0.1099308890449684,0.07653997494624211,0.07143652034485055,0.08795712315119229,0.08840667994918788,0.04416230320930481,0.044044963599299096,0.0792801219683427,0.07855991532370814,0.07434913516044617,0.07550991102808843,0.08870354982522818,0.08396503982949392,0.07948857316604027,0.07699035737622636,0.053155552882414595,0.054521376655665435,0.03792362029735859,0.03854815721515274,0.04705133117162264,0.04788813430225469,0.05188958919965304,0.05305613599469558
