train_cases,test_cases,obs_dim,param_dim,ok_ratio,mean_uncertainty,mean_abs_err_all_params,mean_rel_err_all_params,within_10pct_all_ratio,mean_abs_err_kabs,mean_rel_err_kabs,mean_abs_err_kmax,mean_rel_err_kmax,mean_abs_err_kmin,mean_rel_err_kmin,mean_abs_err_kp1,mean_rel_err_kp1,mean_abs_err_kp2,mean_rel_err_kp2,mean_abs_err_kp3,mean_rel_err_kp3,mean_abs_err_ka1,mean_rel_err_ka1,mean_abs_err_ka2,mean_rel_err_ka2,mean_abs_err_kd,mean_rel_err_kd,mean_abs_err_ksc,mean_rel_err_ksc,mean_abs_err_Vmx,mean_rel_err_Vmx,mean_abs_err_Km0,mean_rel_err_Km0
102,26,288,12,1.0,0.06885964588190499,0.07464675891857882,0.07487585662771626,0.0,0.14064216384520897,0.14145226454608542,0.07582349502123319,0.07148291632959075,0.09551164966363174,0.09825595967309317,0.0535699358353248,0.052549718371136415,0.08641334451161899,0.08727948568539043,0.06094235869554373,0.06165411127246541,0.08618204639508174,0.08478520602037345,0.09079643854728112,0.09184468815290138,0.04750049572724562,0.04834344909337212,0.05345584108279301,0.05411976504454593,0.051517060169806846,0.0525888530694463,0.05340627752817594,0.054153862274194345
