{
  "n_cases": 26,
  "mean_rmse_real_vs_virtual": 19.286517198269184,
  "mean_rmse_real_vs_nominal": 34.83034614416269,
  "mean_mae_real_vs_virtual": 17.973404343311604,
  "mean_mae_real_vs_nominal": 32.86509429491483,
  "mean_mard_real_vs_virtual_pct": 7.850541572014873,
  "mean_mard_real_vs_nominal_pct": 15.074906225960989,
  "mean_improve_rmse_pct": 44.36117670058309,
  "virtual_better_ratio": 0.9615384615384616,
  "best_improve_rmse_pct": 80.37869041494814,
  "worst_improve_rmse_pct": -34.29345434635176
}