train_cases,test_cases,obs_dim,param_dim,ok_ratio,mean_uncertainty,mean_abs_err_all_params,mean_rel_err_all_params,within_10pct_all_ratio,mean_abs_err_kabs,mean_rel_err_kabs,mean_abs_err_kmax,mean_rel_err_kmax,mean_abs_err_kmin,mean_rel_err_kmin,mean_abs_err_kp1,mean_rel_err_kp1,mean_abs_err_kp2,mean_rel_err_kp2,mean_abs_err_kp3,mean_rel_err_kp3,mean_abs_err_ka1,mean_rel_err_ka1,mean_abs_err_ka2,mean_rel_err_ka2,mean_abs_err_kd,mean_rel_err_kd,mean_abs_err_ksc,mean_rel_err_ksc,mean_abs_err_Vmx,mean_rel_err_Vmx,mean_abs_err_Km0,mean_rel_err_Km0
102,26,288,12,1.0,0.07003137954057027,0.07157065184452595,0.07134573461807024,0.0,0.08979966090275691,0.08943413588281644,0.079740428007566,0.07998555797681271,0.08222802785726693,0.080471887192344,0.08335773990704463,0.08709823060452722,0.07624283662209144,0.07501994185485054,0.0743974561874683,0.0719326890887468,0.08551868567099938,0.08332779239937797,0.10946691036224365,0.11290343150832866,0.04968853180225079,0.048865186542052325,0.04099323428594149,0.04030884328924622,0.03923627046438364,0.03947862128495413,0.04817804006429819,0.04732249779278596
