{
  "n_cases": 26,
  "mean_rmse_real_vs_virtual": 16.99501063273503,
  "mean_rmse_real_vs_nominal": 23.320675446436955,
  "mean_mae_real_vs_virtual": 13.516550907721886,
  "mean_mae_real_vs_nominal": 18.464040536146896,
  "mean_mard_real_vs_virtual_pct": 5.881683958264498,
  "mean_mard_real_vs_nominal_pct": 8.07585960540634,
  "mean_improve_rmse_pct": 27.299264316574384,
  "virtual_better_ratio": 1.0,
  "best_improve_rmse_pct": 50.5851537321162,
  "worst_improve_rmse_pct": 4.0520171103534
}