train_cases,test_cases,obs_dim,param_dim,ok_ratio,mean_uncertainty,mean_abs_err_all_params,mean_rel_err_all_params,within_10pct_all_ratio,mean_abs_err_kabs,mean_rel_err_kabs,mean_abs_err_kmax,mean_rel_err_kmax,mean_abs_err_kmin,mean_rel_err_kmin,mean_abs_err_kp1,mean_rel_err_kp1,mean_abs_err_kp2,mean_rel_err_kp2,mean_abs_err_kp3,mean_rel_err_kp3,mean_abs_err_ka1,mean_rel_err_ka1,mean_abs_err_ka2,mean_rel_err_ka2,mean_abs_err_kd,mean_rel_err_kd,mean_abs_err_ksc,mean_rel_err_ksc,mean_abs_err_Vmx,mean_rel_err_Vmx,mean_abs_err_Km0,mean_rel_err_Km0
102,26,288,12,1.0,0.06824974598697363,0.07569177257709014,0.0756372054843654,0.0,0.11806834890292241,0.1283019197124244,0.08652038986866291,0.08144781550974238,0.07395899525055519,0.07400756052115391,0.08275235845492436,0.08259806477525516,0.08466187348732582,0.08455092383630368,0.0747984189253587,0.07278697928819432,0.09574372722552373,0.0920893185995041,0.08250117301940918,0.08341241507835995,0.05947946355893062,0.05832754960738413,0.046381473541259766,0.047293476890757434,0.05821619584010197,0.0584553787383552,0.045218852850107044,0.04437506325495011
