train_cases,test_cases,obs_dim,param_dim,ok_ratio,mean_uncertainty,mean_abs_err_all_params,mean_rel_err_all_params,within_10pct_all_ratio,mean_abs_err_kabs,mean_rel_err_kabs,mean_abs_err_kmax,mean_rel_err_kmax,mean_abs_err_kmin,mean_rel_err_kmin,mean_abs_err_kp1,mean_rel_err_kp1,mean_abs_err_kp2,mean_rel_err_kp2,mean_abs_err_kp3,mean_rel_err_kp3,mean_abs_err_ka1,mean_rel_err_ka1,mean_abs_err_ka2,mean_rel_err_ka2,mean_abs_err_kd,mean_rel_err_kd,mean_abs_err_ksc,mean_rel_err_ksc,mean_abs_err_Vmx,mean_rel_err_Vmx,mean_abs_err_Km0,mean_rel_err_Km0,mean_abs_err_Vm0,mean_rel_err_Vm0,mean_abs_err_ke1,mean_rel_err_ke1,mean_abs_err_ke2,mean_rel_err_ke2,mean_abs_err_Fsnc,mean_rel_err_Fsnc,mean_abs_err_Rdb,mean_rel_err_Rdb,mean_abs_err_PCRb,mean_rel_err_PCRb
102,26,288,18,1.0,0.06135817949110881,0.0662630541711791,0.06602378313056631,0.0,0.09678629040718079,0.09648824712971854,0.09083683444903447,0.0895439375491984,0.07473173279028672,0.07548271882563459,0.07864182270490207,0.08036314455174152,0.07814335364561814,0.0768706582244829,0.10690850707200858,0.10877287767963446,0.09220308294663063,0.09019726051946333,0.08463459060742305,0.081349507336137,0.049927165875068076,0.04935012056632409,0.0394695745064662,0.03909882347184828,0.04080123397020193,0.04246515929535615,0.04387532976957468,0.04340682538953611,0.0382344676898076,0.03781456014861771,0.05947646498680115,0.05977748751201709,0.05402832535596994,0.05426059884339184,0.05235747190622183,0.05244435636112406,0.05993900849268986,0.058174169090619676,0.051739717905338,0.05256764385534791
