{
  "n_cases": 26,
  "mean_rmse_real_vs_virtual": 13.008984345656176,
  "mean_rmse_real_vs_nominal": 21.466864173228924,
  "mean_mae_real_vs_virtual": 12.42665187212137,
  "mean_mae_real_vs_nominal": 20.745258661416862,
  "mean_mard_real_vs_virtual_pct": 7.339868583501532,
  "mean_mard_real_vs_nominal_pct": 12.231200048699975,
  "mean_improve_rmse_pct": 30.153484724224022,
  "virtual_better_ratio": 0.8461538461538461,
  "best_improve_rmse_pct": 83.41073594866877,
  "worst_improve_rmse_pct": -76.48106380827318
}