train_cases,test_cases,obs_dim,param_dim,ok_ratio,mean_uncertainty,mean_abs_err_all_params,mean_rel_err_all_params,within_10pct_all_ratio,mean_abs_err_kabs,mean_rel_err_kabs,mean_abs_err_kmax,mean_rel_err_kmax,mean_abs_err_kmin,mean_rel_err_kmin,mean_abs_err_kp1,mean_rel_err_kp1,mean_abs_err_kp2,mean_rel_err_kp2,mean_abs_err_kp3,mean_rel_err_kp3,mean_abs_err_ka1,mean_rel_err_ka1,mean_abs_err_ka2,mean_rel_err_ka2,mean_abs_err_kd,mean_rel_err_kd,mean_abs_err_ksc,mean_rel_err_ksc,mean_abs_err_Vmx,mean_rel_err_Vmx,mean_abs_err_Km0,mean_rel_err_Km0
102,26,288,12,1.0,0.0673009355385334,0.07050133152649952,0.06997078175045603,0.0,0.09832815252817594,0.09778843610020292,0.0991859298485976,0.10113010079255581,0.07427033552756676,0.07461649518974417,0.037726136354299694,0.03861435363173619,0.0939169365626115,0.08780805879642353,0.07403009900679955,0.07172148941685198,0.0767298019849337,0.07239649589636031,0.08771481193028964,0.08901132353300036,0.055529745725485,0.055312473915465225,0.04913769089258634,0.05031569427466333,0.04396325579056373,0.04436558605753659,0.05548308216608488,0.0565688734009318
