{
  "n_cases": 26,
  "mean_rmse_real_vs_virtual": 14.97711575948275,
  "mean_rmse_real_vs_nominal": 40.80697727203369,
  "mean_mae_real_vs_virtual": 14.052235745466673,
  "mean_mae_real_vs_nominal": 39.49130452596224,
  "mean_mard_real_vs_virtual_pct": 8.795913056327173,
  "mean_mard_real_vs_nominal_pct": 23.215850879653143,
  "mean_improve_rmse_pct": 62.19219183635031,
  "virtual_better_ratio": 1.0,
  "best_improve_rmse_pct": 90.30375521448669,
  "worst_improve_rmse_pct": 25.952368677507785
}