train_cases,test_cases,obs_dim,param_dim,ok_ratio,mean_uncertainty,mean_abs_err_all_params,mean_rel_err_all_params,within_10pct_all_ratio,mean_abs_err_kabs,mean_rel_err_kabs,mean_abs_err_kmax,mean_rel_err_kmax,mean_abs_err_kmin,mean_rel_err_kmin,mean_abs_err_kp1,mean_rel_err_kp1,mean_abs_err_kp2,mean_rel_err_kp2,mean_abs_err_kp3,mean_rel_err_kp3,mean_abs_err_ka1,mean_rel_err_ka1,mean_abs_err_ka2,mean_rel_err_ka2,mean_abs_err_kd,mean_rel_err_kd,mean_abs_err_ksc,mean_rel_err_ksc,mean_abs_err_Vmx,mean_rel_err_Vmx,mean_abs_err_Km0,mean_rel_err_Km0
102,26,288,12,1.0,0.06717380408484203,0.0689725514787894,0.06816467637539825,0.0,0.10013590638454144,0.09955707387345278,0.050718419826947726,0.051442964905391415,0.09362906676072341,0.0930406352878991,0.048406360241082996,0.04727598721538097,0.08369239477010873,0.08175003010271766,0.08045800603353061,0.07909633089426532,0.07955633676969089,0.07791294271089705,0.09894212851157555,0.09356306646960287,0.05126274090546828,0.051892046200692286,0.04654189027272738,0.04683388407612094,0.049188934839688815,0.049771816220374306,0.04513843242938702,0.04583933854798436
