{
  "n_cases": 26,
  "mean_rmse_real_vs_virtual": 14.32078415613908,
  "mean_rmse_real_vs_nominal": 26.83312753530649,
  "mean_mae_real_vs_virtual": 13.464827720935528,
  "mean_mae_real_vs_nominal": 25.74719183261578,
  "mean_mard_real_vs_virtual_pct": 6.594601287864721,
  "mean_mard_real_vs_nominal_pct": 13.138645514845848,
  "mean_improve_rmse_pct": 51.20003149738094,
  "virtual_better_ratio": 1.0,
  "best_improve_rmse_pct": 82.72659600103331,
  "worst_improve_rmse_pct": 25.442443620102562
}