train_cases,test_cases,obs_dim,param_dim,ok_ratio,mean_uncertainty,mean_abs_err_all_params,mean_rel_err_all_params,within_10pct_all_ratio,mean_abs_err_kabs,mean_rel_err_kabs,mean_abs_err_kmax,mean_rel_err_kmax,mean_abs_err_kmin,mean_rel_err_kmin,mean_abs_err_kp1,mean_rel_err_kp1,mean_abs_err_kp2,mean_rel_err_kp2,mean_abs_err_kp3,mean_rel_err_kp3,mean_abs_err_ka1,mean_rel_err_ka1,mean_abs_err_ka2,mean_rel_err_ka2,mean_abs_err_kd,mean_rel_err_kd,mean_abs_err_ksc,mean_rel_err_ksc,mean_abs_err_Vmx,mean_rel_err_Vmx,mean_abs_err_Km0,mean_rel_err_Km0
102,26,288,12,1.0,0.0647078079995341,0.06864536095124024,0.0688762012954684,0.0,0.11358466285925645,0.11989345087264414,0.10590360944087689,0.10061743161553144,0.08267107835182777,0.0851650389392385,0.036507489589544445,0.03631653820321508,0.08313183142588688,0.0836122972700711,0.06285871221468999,0.06339002246442219,0.08342775243979234,0.08128207919228238,0.0830073540027325,0.08391299530598674,0.033113099061525784,0.03350657113329222,0.03753688014470614,0.03719393426923829,0.043359185640628524,0.04399912637696151,0.058642676243415244,0.05762492990273717
