{
  "n_cases": 26,
  "mean_rmse_real_vs_virtual": 4.801232995895239,
  "mean_rmse_real_vs_nominal": 40.473563716961785,
  "mean_mae_real_vs_virtual": 2.462355689360545,
  "mean_mae_real_vs_nominal": 21.568324359563682,
  "mean_mard_real_vs_virtual_pct": 0.8406515871264184,
  "mean_mard_real_vs_nominal_pct": 9.309246733139913,
  "mean_improve_rmse_pct": 65.22801370012763,
  "virtual_better_ratio": 0.9230769230769231,
  "best_improve_rmse_pct": 96.83930661641364,
  "worst_improve_rmse_pct": -133.517432852813
}