train_cases,test_cases,obs_dim,param_dim,ok_ratio,mean_uncertainty,mean_abs_err_all_params,mean_rel_err_all_params,within_10pct_all_ratio,mean_abs_err_kabs,mean_rel_err_kabs,mean_abs_err_kmax,mean_rel_err_kmax,mean_abs_err_kmin,mean_rel_err_kmin,mean_abs_err_kp1,mean_rel_err_kp1,mean_abs_err_kp2,mean_rel_err_kp2,mean_abs_err_kp3,mean_rel_err_kp3,mean_abs_err_ka1,mean_rel_err_ka1,mean_abs_err_ka2,mean_rel_err_ka2,mean_abs_err_kd,mean_rel_err_kd,mean_abs_err_ksc,mean_rel_err_ksc,mean_abs_err_Vmx,mean_rel_err_Vmx,mean_abs_err_Km0,mean_rel_err_Km0
102,26,288,12,1.0,0.06374802216529273,0.06463325787813236,0.06412273788257,0.0,0.10121679535278907,0.1031780738001696,0.050994072969143205,0.05125563408317264,0.07399746546378502,0.07034889062585417,0.034381754123247586,0.03349629376052519,0.09114770935131954,0.09269762844228834,0.06598147749900818,0.0659924004904158,0.07622328400611877,0.07452931244679292,0.08794583724095272,0.08252684046135461,0.04499623867181631,0.04631520246133392,0.04588116590793316,0.04644587766701247,0.05039281569994413,0.04887406131954217,0.05244047825153057,0.053812639032378276
