train_cases,test_cases,obs_dim,param_dim,ok_ratio,mean_uncertainty,mean_abs_err_all_params,mean_rel_err_all_params,within_10pct_all_ratio,mean_abs_err_kabs,mean_rel_err_kabs,mean_abs_err_kmax,mean_rel_err_kmax,mean_abs_err_kmin,mean_rel_err_kmin,mean_abs_err_kp1,mean_rel_err_kp1,mean_abs_err_kp2,mean_rel_err_kp2,mean_abs_err_kp3,mean_rel_err_kp3,mean_abs_err_ka1,mean_rel_err_ka1,mean_abs_err_ka2,mean_rel_err_ka2,mean_abs_err_kd,mean_rel_err_kd,mean_abs_err_ksc,mean_rel_err_ksc,mean_abs_err_Vmx,mean_rel_err_Vmx,mean_abs_err_Km0,mean_rel_err_Km0
102,26,288,12,1.0,0.06597604626455368,0.06617899926809165,0.0657982084130157,0.038461538461538464,0.09975707301726708,0.0989434533531229,0.08870191528246953,0.08847368763534513,0.07924346511180584,0.0792835310475424,0.0361770001741556,0.035691890878066485,0.07401738487757169,0.07253258321507747,0.06451594600310692,0.061175544210570504,0.06951957253309396,0.06951568114069959,0.08440069281137906,0.08338045662326693,0.05456221791414114,0.055162041118592145,0.04778844805864187,0.04940210123460303,0.04586645273061899,0.0470520974953362,0.049597822702847995,0.0489654330039656
