train_cases,test_cases,obs_dim,param_dim,ok_ratio,mean_uncertainty,mean_abs_err_all_params,mean_rel_err_all_params,within_10pct_all_ratio,mean_abs_err_kabs,mean_rel_err_kabs,mean_abs_err_kmax,mean_rel_err_kmax,mean_abs_err_kmin,mean_rel_err_kmin,mean_abs_err_kp1,mean_rel_err_kp1,mean_abs_err_kp2,mean_rel_err_kp2,mean_abs_err_kp3,mean_rel_err_kp3,mean_abs_err_ka1,mean_rel_err_ka1,mean_abs_err_ka2,mean_rel_err_ka2,mean_abs_err_kd,mean_rel_err_kd,mean_abs_err_ksc,mean_rel_err_ksc,mean_abs_err_Vmx,mean_rel_err_Vmx,mean_abs_err_Km0,mean_rel_err_Km0
102,26,288,12,1.0,0.06613188676345041,0.07274405161539714,0.07220423246169065,0.0,0.12636559055401728,0.12135811870691127,0.10119555317438565,0.09917402628860775,0.0862767375432528,0.08901086505524079,0.028598196231401883,0.027979606700619667,0.086632639169693,0.08620550768941845,0.07665651578169602,0.07128080429131484,0.0798732523734753,0.08153719058115959,0.09213795340978183,0.09264912850135956,0.047866796071712785,0.04912902271491752,0.04429355263710022,0.043919779506064516,0.047395992737550005,0.04851765298475266,0.05563583970069885,0.05568908651992122
