train_cases,test_cases,obs_dim,param_dim,ok_ratio,mean_uncertainty,mean_abs_err_all_params,mean_rel_err_all_params,within_10pct_all_ratio,mean_abs_err_kabs,mean_rel_err_kabs,mean_abs_err_kmax,mean_rel_err_kmax,mean_abs_err_kmin,mean_rel_err_kmin,mean_abs_err_kp1,mean_rel_err_kp1,mean_abs_err_kp2,mean_rel_err_kp2,mean_abs_err_kp3,mean_rel_err_kp3,mean_abs_err_ka1,mean_rel_err_ka1,mean_abs_err_ka2,mean_rel_err_ka2,mean_abs_err_kd,mean_rel_err_kd,mean_abs_err_ksc,mean_rel_err_ksc,mean_abs_err_Vmx,mean_rel_err_Vmx,mean_abs_err_Km0,mean_rel_err_Km0
102,26,288,12,1.0,0.06663071053723493,0.07664626435591625,0.0765019702200442,0.0,0.12648423130695635,0.12587085490705402,0.09025213580865127,0.08946446812437417,0.07924581261781546,0.07910389756690553,0.06724520142261799,0.06709120161508969,0.09486613823817326,0.09444586206636842,0.0925863912472358,0.09712292180308789,0.10156402679590079,0.0967148113071446,0.08370459996736966,0.08446349808907817,0.04320255151161781,0.04176455451915824,0.04621192812919617,0.046824872026416275,0.050751257401246294,0.04991779634342757,0.043640897824214056,0.045238904272425655
