train_cases,test_cases,obs_dim,param_dim,ok_ratio,mean_uncertainty,mean_abs_err_all_params,mean_rel_err_all_params,within_10pct_all_ratio,mean_abs_err_kabs,mean_rel_err_kabs,mean_abs_err_kmax,mean_rel_err_kmax,mean_abs_err_kmin,mean_rel_err_kmin,mean_abs_err_kp1,mean_rel_err_kp1,mean_abs_err_kp2,mean_rel_err_kp2,mean_abs_err_kp3,mean_rel_err_kp3,mean_abs_err_ka1,mean_rel_err_ka1,mean_abs_err_ka2,mean_rel_err_ka2,mean_abs_err_kd,mean_rel_err_kd,mean_abs_err_ksc,mean_rel_err_ksc,mean_abs_err_Vmx,mean_rel_err_Vmx,mean_abs_err_Km0,mean_rel_err_Km0
102,26,288,12,1.0,0.06639343729385963,0.07069412026649866,0.07107056551404042,0.0,0.1082062698327578,0.107530165756737,0.07257643571266761,0.06945711439240847,0.09211264436061566,0.09671306649194114,0.02953024781667269,0.030261128701784552,0.07886725664138794,0.07873650093392162,0.0729586138175084,0.07493673147167407,0.09635482613856976,0.09483056487909874,0.08520710239043602,0.08634636202738388,0.05062037935623756,0.05013792391234655,0.045933617995335504,0.04648901831927591,0.057126895739482,0.05800845882165917,0.058835153396313004,0.05939975046025366
