train_cases,test_cases,obs_dim,param_dim,ok_ratio,mean_uncertainty,mean_abs_err_all_params,mean_rel_err_all_params,within_10pct_all_ratio,mean_abs_err_kabs,mean_rel_err_kabs,mean_abs_err_kmax,mean_rel_err_kmax,mean_abs_err_kmin,mean_rel_err_kmin,mean_abs_err_kp1,mean_rel_err_kp1,mean_abs_err_kp2,mean_rel_err_kp2,mean_abs_err_kp3,mean_rel_err_kp3,mean_abs_err_ka1,mean_rel_err_ka1,mean_abs_err_ka2,mean_rel_err_ka2,mean_abs_err_kd,mean_rel_err_kd,mean_abs_err_ksc,mean_rel_err_ksc,mean_abs_err_Vmx,mean_rel_err_Vmx,mean_abs_err_Km0,mean_rel_err_Km0
102,26,288,12,1.0,0.06393795095694561,0.07228350371886522,0.07198432257152244,0.038461538461538464,0.11487913131713867,0.1132362189318993,0.0943844410089346,0.09025379248128614,0.09763805682842548,0.09993060089017727,0.03948669479443477,0.03849287701184716,0.09307172894477844,0.09378098155304657,0.06966775426497826,0.06989474387197189,0.08899887479268588,0.08894323980151107,0.08350989451775184,0.08095808792494141,0.04055503239998451,0.040844821395496105,0.046132294031289905,0.04601593633891565,0.0428060912168943,0.04346717902849594,0.05627205050908602,0.05799339162868085
