{
  "n_cases": 26,
  "mean_rmse_real_vs_virtual": 8.705272986338688,
  "mean_rmse_real_vs_nominal": 35.74832032277034,
  "mean_mae_real_vs_virtual": 6.515938589206109,
  "mean_mae_real_vs_nominal": 30.280311410243694,
  "mean_mard_real_vs_virtual_pct": 2.425125900369424,
  "mean_mard_real_vs_nominal_pct": 11.442030679721098,
  "mean_improve_rmse_pct": 62.44230214801085,
  "virtual_better_ratio": 0.9230769230769231,
  "best_improve_rmse_pct": 95.93452904354848,
  "worst_improve_rmse_pct": -35.2160845313674
}