train_cases,test_cases,obs_dim,param_dim,ok_ratio,mean_uncertainty,mean_abs_err_all_params,mean_rel_err_all_params,within_10pct_all_ratio,mean_abs_err_kabs,mean_rel_err_kabs,mean_abs_err_kmax,mean_rel_err_kmax,mean_abs_err_kmin,mean_rel_err_kmin,mean_abs_err_kp1,mean_rel_err_kp1,mean_abs_err_kp2,mean_rel_err_kp2,mean_abs_err_kp3,mean_rel_err_kp3,mean_abs_err_ka1,mean_rel_err_ka1,mean_abs_err_ka2,mean_rel_err_ka2,mean_abs_err_kd,mean_rel_err_kd,mean_abs_err_ksc,mean_rel_err_ksc,mean_abs_err_Vmx,mean_rel_err_Vmx,mean_abs_err_Km0,mean_rel_err_Km0
102,26,288,12,1.0,0.06397899532189164,0.072592865389127,0.07226957246538548,0.0,0.11984003277925345,0.1220621110925744,0.0908946028122535,0.09187281706395947,0.08136455600078289,0.0785079416448515,0.05099089558307941,0.05114314940902591,0.08614238408895639,0.08312769409304337,0.0747799093906696,0.07358631503644691,0.0836729109287262,0.08708508073029954,0.07799947261810303,0.07134300998213441,0.04795620762384855,0.04840224791178841,0.04553320316167978,0.045491424623980495,0.05447946603481586,0.05658767897422033,0.0574607436473553,0.05802539902230122
