{
  "n_cases": 26,
  "mean_rmse_real_vs_virtual": 5.143383278296544,
  "mean_rmse_real_vs_nominal": 10.825509428977966,
  "mean_mae_real_vs_virtual": 2.2103861088936148,
  "mean_mae_real_vs_nominal": 5.001174440750709,
  "mean_mard_real_vs_virtual_pct": 0.7173324617234846,
  "mean_mard_real_vs_nominal_pct": 1.5615250870513802,
  "mean_improve_rmse_pct": 32.42642637740764,
  "virtual_better_ratio": 0.8076923076923077,
  "best_improve_rmse_pct": 86.04465788069491,
  "worst_improve_rmse_pct": -316.9969634769425
}