train_cases,test_cases,obs_dim,param_dim,ok_ratio,mean_uncertainty,mean_abs_err_all_params,mean_rel_err_all_params,within_10pct_all_ratio,mean_abs_err_kabs,mean_rel_err_kabs,mean_abs_err_kmax,mean_rel_err_kmax,mean_abs_err_kmin,mean_rel_err_kmin,mean_abs_err_kp1,mean_rel_err_kp1,mean_abs_err_kp2,mean_rel_err_kp2,mean_abs_err_kp3,mean_rel_err_kp3,mean_abs_err_ka1,mean_rel_err_ka1,mean_abs_err_ka2,mean_rel_err_ka2,mean_abs_err_kd,mean_rel_err_kd,mean_abs_err_ksc,mean_rel_err_ksc,mean_abs_err_Vmx,mean_rel_err_Vmx,mean_abs_err_Km0,mean_rel_err_Km0
102,26,288,12,1.0,0.06701258057131408,0.07349746655195187,0.07232750617922148,0.0,0.1069571261222546,0.1089442357853337,0.11368040625865643,0.1097346823272284,0.06588769417542678,0.06459245094206603,0.025232042257602397,0.024682171690453704,0.08928591929949246,0.08785800885901589,0.08362160966946529,0.08162630555972204,0.10554292568793663,0.10215688630847898,0.09423618820997384,0.08968402092921927,0.04388020588801457,0.04344032820189028,0.05441326819933378,0.05481898243705981,0.046907473068970904,0.04836118126805906,0.05232473978629479,0.052030819842130725
