{
  "n_cases": 26,
  "mean_rmse_real_vs_virtual": 9.730266401400932,
  "mean_rmse_real_vs_nominal": 38.11891247675969,
  "mean_mae_real_vs_virtual": 7.621398751552288,
  "mean_mae_real_vs_nominal": 34.46988608286931,
  "mean_mard_real_vs_virtual_pct": 3.038084313559991,
  "mean_mard_real_vs_nominal_pct": 13.589306304661127,
  "mean_improve_rmse_pct": 71.5950177409397,
  "virtual_better_ratio": 1.0,
  "best_improve_rmse_pct": 94.98906382235101,
  "worst_improve_rmse_pct": 8.488729690108332
}