train_cases,test_cases,obs_dim,param_dim,ok_ratio,mean_uncertainty,mean_abs_err_all_params,mean_rel_err_all_params,within_10pct_all_ratio,mean_abs_err_kabs,mean_rel_err_kabs,mean_abs_err_kmax,mean_rel_err_kmax,mean_abs_err_kmin,mean_rel_err_kmin,mean_abs_err_kp1,mean_rel_err_kp1,mean_abs_err_kp2,mean_rel_err_kp2,mean_abs_err_kp3,mean_rel_err_kp3,mean_abs_err_ka1,mean_rel_err_ka1,mean_abs_err_ka2,mean_rel_err_ka2
102,26,288,8,1.0,0.0778872784262953,0.088066495095308,0.08692297792703181,0.0,0.09700053013288058,0.10053623797264016,0.06141677728066078,0.059420975869460345,0.09604404981319721,0.08698792474220039,0.07769427620447598,0.08004119459660616,0.0822466818185953,0.08219907854348978,0.08266595005989075,0.0781910167063212,0.09886019046490009,0.10024446337553955,0.10860350498786339,0.10776293160999699
