{
  "n_cases": 26,
  "mean_rmse_real_vs_virtual": 12.062186488738426,
  "mean_rmse_real_vs_nominal": 25.06488273693965,
  "mean_mae_real_vs_virtual": 11.477246605432951,
  "mean_mae_real_vs_nominal": 24.38665795326233,
  "mean_mard_real_vs_virtual_pct": 7.294994968777666,
  "mean_mard_real_vs_nominal_pct": 15.008083902872526,
  "mean_improve_rmse_pct": 50.25578363753926,
  "virtual_better_ratio": 0.9615384615384616,
  "best_improve_rmse_pct": 83.70431958196379,
  "worst_improve_rmse_pct": -3.6100989639515246
}