{
    "PID": {
        "TIR%": 59.02777777777778,
        "Low%": 0.11574074074074073,
        "High%": 40.85648148148148,
        "RMSE": 57.050411588936015,
        "Mean": 169.18311553342144
    },
    "EKF+PID": {
        "TIR%": 60.06944444444444,
        "Low%": 0.11574074074074073,
        "High%": 39.81481481481482,
        "RMSE": 55.298853131793145,
        "Mean": 167.47897741309896
    },
    "EKF+Smith+PID": {
        "TIR%": 60.06944444444444,
        "Low%": 0.11574074074074073,
        "High%": 39.81481481481482,
        "RMSE": 55.29373138286726,
        "Mean": 167.479364309165
    }
}