train_cases,test_cases,obs_dim,param_dim,ok_ratio,mean_uncertainty,mean_abs_err_all_params,mean_rel_err_all_params,within_10pct_all_ratio,mean_abs_err_kabs,mean_rel_err_kabs,mean_abs_err_kmax,mean_rel_err_kmax,mean_abs_err_kmin,mean_rel_err_kmin,mean_abs_err_kp1,mean_rel_err_kp1,mean_abs_err_kp2,mean_rel_err_kp2,mean_abs_err_kp3,mean_rel_err_kp3,mean_abs_err_ka1,mean_rel_err_ka1,mean_abs_err_ka2,mean_rel_err_ka2,mean_abs_err_kd,mean_rel_err_kd,mean_abs_err_ksc,mean_rel_err_ksc,mean_abs_err_Vmx,mean_rel_err_Vmx,mean_abs_err_Km0,mean_rel_err_Km0
102,26,288,12,1.0,0.06529858224810316,0.07155289577367978,0.07062515005771229,0.038461538461538464,0.12228776629154499,0.11370249696814766,0.08238777976769668,0.082489231255267,0.10140481820473304,0.1018034380400376,0.0389797343657567,0.037810017296876004,0.08520024556380051,0.08593156921172872,0.07097568191014804,0.06899621866576222,0.08480483293533325,0.08605393742403121,0.07174844695971562,0.06941886976481199,0.04580420943406912,0.045668707929709465,0.04620141020187965,0.046409530659217234,0.05676448345184326,0.05622003714724474,0.05207534019763653,0.05299774632971369
