{
  "n_cases": 26,
  "mean_rmse_real_vs_virtual": 9.36647576552171,
  "mean_rmse_real_vs_nominal": 32.84859118094811,
  "mean_mae_real_vs_virtual": 7.491301499880278,
  "mean_mae_real_vs_nominal": 28.09714254966149,
  "mean_mard_real_vs_virtual_pct": 2.664072336987234,
  "mean_mard_real_vs_nominal_pct": 9.88330299464556,
  "mean_improve_rmse_pct": 59.54208432491806,
  "virtual_better_ratio": 0.8846153846153846,
  "best_improve_rmse_pct": 92.13103287831706,
  "worst_improve_rmse_pct": -75.57720519309434
}