train_cases,test_cases,obs_dim,param_dim,ok_ratio,mean_uncertainty,mean_abs_err_all_params,mean_rel_err_all_params,within_10pct_all_ratio,mean_abs_err_kabs,mean_rel_err_kabs,mean_abs_err_kmax,mean_rel_err_kmax,mean_abs_err_kmin,mean_rel_err_kmin,mean_abs_err_kp1,mean_rel_err_kp1,mean_abs_err_kp2,mean_rel_err_kp2,mean_abs_err_kp3,mean_rel_err_kp3,mean_abs_err_ka1,mean_rel_err_ka1,mean_abs_err_ka2,mean_rel_err_ka2,mean_abs_err_kd,mean_rel_err_kd,mean_abs_err_ksc,mean_rel_err_ksc,mean_abs_err_Vmx,mean_rel_err_Vmx,mean_abs_err_Km0,mean_rel_err_Km0
102,26,288,12,1.0,0.06640084742162472,0.07487124644028835,0.07433336866510962,0.038461538461538464,0.12655679079202506,0.12820628106972162,0.06629793460552509,0.06850097256025045,0.08519761837445773,0.08231827675516493,0.046272995380254894,0.04540181095923917,0.08797891323383038,0.08492809165292506,0.06452044615378746,0.06388409126615856,0.1060240795979133,0.1030656331568114,0.1037913102370042,0.1030685989978717,0.054085575617276706,0.05398760917543223,0.048504611620536216,0.04822670582003331,0.05337651876302866,0.05391995369313444,0.05584816290782048,0.0564923988745725
