train_cases,test_cases,obs_dim,param_dim,ok_ratio,mean_uncertainty,mean_abs_err_all_params,mean_rel_err_all_params,within_10pct_all_ratio,mean_abs_err_kabs,mean_rel_err_kabs,mean_abs_err_kmax,mean_rel_err_kmax,mean_abs_err_kmin,mean_rel_err_kmin,mean_abs_err_kp1,mean_rel_err_kp1,mean_abs_err_kp2,mean_rel_err_kp2,mean_abs_err_kp3,mean_rel_err_kp3,mean_abs_err_ka1,mean_rel_err_ka1,mean_abs_err_ka2,mean_rel_err_ka2,mean_abs_err_kd,mean_rel_err_kd,mean_abs_err_ksc,mean_rel_err_ksc,mean_abs_err_Vmx,mean_rel_err_Vmx,mean_abs_err_Km0,mean_rel_err_Km0
102,26,288,12,1.0,0.0637482542795344,0.07369537957203695,0.07269664294889878,0.038461538461538464,0.10892757773399353,0.10735231579524449,0.09300967133962192,0.09203679287900313,0.09910994997391334,0.09620856049280854,0.05048095492216257,0.05036982294327928,0.0931797967507289,0.09284353662862445,0.07657376619485709,0.07559711947023998,0.08285878484065716,0.08299573685930049,0.08468673320916983,0.08163832469223277,0.04642237608249371,0.047155564830331086,0.057405137098752536,0.056638259880911465,0.04759739224727337,0.04661126796963241,0.044092414470819324,0.04291241294517744
