train_cases,test_cases,obs_dim,param_dim,ok_ratio,mean_uncertainty,mean_abs_err_all_params,mean_rel_err_all_params,within_10pct_all_ratio,mean_abs_err_kabs,mean_rel_err_kabs,mean_abs_err_kmax,mean_rel_err_kmax,mean_abs_err_kmin,mean_rel_err_kmin,mean_abs_err_kp1,mean_rel_err_kp1,mean_abs_err_kp2,mean_rel_err_kp2,mean_abs_err_kp3,mean_rel_err_kp3,mean_abs_err_ka1,mean_rel_err_ka1,mean_abs_err_ka2,mean_rel_err_ka2,mean_abs_err_kd,mean_rel_err_kd,mean_abs_err_ksc,mean_rel_err_ksc,mean_abs_err_Vmx,mean_rel_err_Vmx,mean_abs_err_Km0,mean_rel_err_Km0
102,26,288,12,1.0,0.06548859343792383,0.074503610149408,0.0739849373541165,0.07692307692307693,0.13152250189047593,0.1344882342465465,0.08495944738388062,0.08370191883250556,0.10861322512993446,0.10871400186318121,0.03931637222950275,0.03874422940559915,0.062374004950890176,0.05883342307496231,0.08817589053740868,0.08643918954436561,0.08229751999561603,0.08100519539573904,0.10094248560758737,0.0988587920068947,0.038289363567645736,0.03919552140600376,0.05045465781138493,0.050027749569966,0.047716702406223006,0.04777297851079709,0.059381150282346286,0.06003801439283707
