train_cases,test_cases,obs_dim,param_dim,ok_ratio,mean_uncertainty,mean_abs_err_all_params,mean_rel_err_all_params,within_10pct_all_ratio,mean_abs_err_kabs,mean_rel_err_kabs,mean_abs_err_kmax,mean_rel_err_kmax,mean_abs_err_kmin,mean_rel_err_kmin,mean_abs_err_kp1,mean_rel_err_kp1,mean_abs_err_kp2,mean_rel_err_kp2,mean_abs_err_kp3,mean_rel_err_kp3,mean_abs_err_ka1,mean_rel_err_ka1,mean_abs_err_ka2,mean_rel_err_ka2,mean_abs_err_kd,mean_rel_err_kd,mean_abs_err_ksc,mean_rel_err_ksc,mean_abs_err_Vmx,mean_rel_err_Vmx,mean_abs_err_Km0,mean_rel_err_Km0,mean_abs_err_Vm0,mean_rel_err_Vm0,mean_abs_err_ke1,mean_rel_err_ke1,mean_abs_err_ke2,mean_rel_err_ke2,mean_abs_err_Fsnc,mean_rel_err_Fsnc,mean_abs_err_Rdb,mean_rel_err_Rdb,mean_abs_err_PCRb,mean_rel_err_PCRb
102,26,288,18,1.0,0.1021489162857716,0.110670060174078,0.11190288974310345,0.0,0.2170865123088543,0.20713214332043461,0.131925472846398,0.12751983552265816,0.1482301652431488,0.1686489331092186,0.14098639213121855,0.15248579414793534,0.11401542791953453,0.10982198230000575,0.17988578860576337,0.19332606566401517,0.14094618421334487,0.13200437028693807,0.1306103215767787,0.13547794738878333,0.09593720390246464,0.09493972387605604,0.10175950252092801,0.09999750838967573,0.06362333206030038,0.06200309490384946,0.07692449138714717,0.07674859444790941,0.08356653039272015,0.0874773977729193,0.08591453157938443,0.08432822462380647,0.08396487969618577,0.0842439872314663,0.05971728379909809,0.062378401510060064,0.06700014838805565,0.06682751156708838,0.06996691456207862,0.06889049931304182
