variant,param_dim,mean_rel_err_all_params,mean_uncertainty,mean_rmse_real_vs_virtual,mean_rmse_real_vs_nominal,mean_improve_rmse_pct,virtual_better_ratio,best_improve_rmse_pct,worst_improve_rmse_pct
18d_tight_128,18,0.06602378313056631,0.06135817949110881,13.008984345656176,21.466864173228924,30.153484724224022,0.8461538461538461,83.41073594866877,-76.48106380827318
12d_mid_128,12,0.06857150672196594,0.06530321760174748,7.357348130299495,22.246550037310673,44.72756732070926,0.8461538461538461,91.59921030135314,-166.26386339426068
8d_core_128,8,0.08692297792703181,0.0778872784262953,12.062186488738426,25.06488273693965,50.25578363753926,0.9615384615384616,83.70431958196379,-3.6100989639515246
