train_cases,test_cases,obs_dim,param_dim,ok_ratio,mean_uncertainty,mean_abs_err_all_params,mean_rel_err_all_params,within_10pct_all_ratio,mean_abs_err_kabs,mean_rel_err_kabs,mean_abs_err_kmax,mean_rel_err_kmax,mean_abs_err_kmin,mean_rel_err_kmin,mean_abs_err_kp1,mean_rel_err_kp1,mean_abs_err_kp2,mean_rel_err_kp2,mean_abs_err_kp3,mean_rel_err_kp3,mean_abs_err_ka1,mean_rel_err_ka1,mean_abs_err_ka2,mean_rel_err_ka2,mean_abs_err_kd,mean_rel_err_kd,mean_abs_err_ksc,mean_rel_err_ksc,mean_abs_err_Vmx,mean_rel_err_Vmx,mean_abs_err_Km0,mean_rel_err_Km0
102,26,288,12,1.0,0.06398911291781142,0.0723775191566883,0.07233237791931178,0.07692307692307693,0.1281279348410093,0.13257855176945946,0.09531322580117446,0.09185614301939214,0.06841766605010399,0.06711589367520449,0.09931149391027597,0.1040429371707922,0.06302227194492634,0.06220262042586258,0.054980227580437295,0.05254554323848933,0.07327203796460079,0.07132040850524674,0.09810712245794442,0.09756337875249224,0.045543136504980236,0.046349217438524014,0.04517165972636296,0.04513955867136908,0.047393248631404,0.04733128877417657,0.04987020446703984,0.04994299359073269
