{
  "n_cases": 26,
  "mean_rmse_real_vs_virtual": 22.563419085282547,
  "mean_rmse_real_vs_nominal": 31.605285571171688,
  "mean_mae_real_vs_virtual": 21.75944495201111,
  "mean_mae_real_vs_nominal": 30.381760853987473,
  "mean_mard_real_vs_virtual_pct": 12.005922398888147,
  "mean_mard_real_vs_nominal_pct": 16.06901195616676,
  "mean_improve_rmse_pct": 15.290956196166764,
  "virtual_better_ratio": 0.8076923076923077,
  "best_improve_rmse_pct": 83.17597854275492,
  "worst_improve_rmse_pct": -165.8710273616958
}