train_cases,test_cases,obs_dim,param_dim,ok_ratio,mean_uncertainty,mean_abs_err_all_params,mean_rel_err_all_params,within_10pct_all_ratio,mean_abs_err_kabs,mean_rel_err_kabs,mean_abs_err_kmax,mean_rel_err_kmax,mean_abs_err_kmin,mean_rel_err_kmin,mean_abs_err_kp1,mean_rel_err_kp1,mean_abs_err_kp2,mean_rel_err_kp2,mean_abs_err_kp3,mean_rel_err_kp3,mean_abs_err_ka1,mean_rel_err_ka1,mean_abs_err_ka2,mean_rel_err_ka2,mean_abs_err_kd,mean_rel_err_kd,mean_abs_err_ksc,mean_rel_err_ksc,mean_abs_err_Vmx,mean_rel_err_Vmx,mean_abs_err_Km0,mean_rel_err_Km0
102,26,288,12,1.0,0.06404279352714999,0.07212315748135249,0.07217267403625166,0.0,0.13548425069222084,0.13253307184139193,0.06860180772267856,0.06960610088639527,0.06374443265107962,0.06538764467246411,0.05048385033240685,0.051751204231831834,0.0821004922573383,0.0840720429292699,0.07245049339074355,0.07116820811605337,0.09535235854295585,0.09713625125607561,0.09557681588026193,0.0931279204740126,0.05428158549162058,0.05341890135422801,0.03855120218717135,0.038739666129863876,0.0563410589328179,0.05668718913062477,0.052509541694934554,0.05244388741280865
