{
  "n_cases": 26,
  "mean_rmse_real_vs_virtual": 3.02388610289647,
  "mean_rmse_real_vs_nominal": 7.240548175114852,
  "mean_mae_real_vs_virtual": 1.187848680294477,
  "mean_mae_real_vs_nominal": 2.9212689720667324,
  "mean_mard_real_vs_virtual_pct": 0.38292742325351214,
  "mean_mard_real_vs_nominal_pct": 0.9112704200491023,
  "mean_improve_rmse_pct": 23.857924764461792,
  "virtual_better_ratio": 0.7692307692307693,
  "best_improve_rmse_pct": 90.87150285725194,
  "worst_improve_rmse_pct": -317.18739667219785
}