train_cases,test_cases,obs_dim,param_dim,ok_ratio,mean_uncertainty,mean_abs_err_all_params,mean_rel_err_all_params,within_10pct_all_ratio,mean_abs_err_kabs,mean_rel_err_kabs,mean_abs_err_kmax,mean_rel_err_kmax,mean_abs_err_kmin,mean_rel_err_kmin,mean_abs_err_kp1,mean_rel_err_kp1,mean_abs_err_kp2,mean_rel_err_kp2,mean_abs_err_kp3,mean_rel_err_kp3,mean_abs_err_ka1,mean_rel_err_ka1,mean_abs_err_ka2,mean_rel_err_ka2,mean_abs_err_kd,mean_rel_err_kd,mean_abs_err_ksc,mean_rel_err_ksc,mean_abs_err_Vmx,mean_rel_err_Vmx,mean_abs_err_Km0,mean_rel_err_Km0
102,26,288,12,1.0,0.06710789581904045,0.07379407722216387,0.07242828521922903,0.0,0.11463200128995456,0.10683482902548999,0.08449152341255775,0.08526701695195121,0.07985043296447167,0.07488597256837524,0.09562501540550819,0.0975300902833825,0.0797175054366772,0.07798665687755481,0.08533388605484596,0.08699780634229223,0.07186726652658902,0.07089705161906845,0.07637578248977661,0.07151890846284091,0.047780635265203625,0.04811068787554624,0.04786381354698768,0.04875236842054052,0.04762754302758437,0.046848228425648133,0.054363521245809704,0.05350980577805824
