{
  "n_cases": 26,
  "mean_rmse_real_vs_virtual": 23.529015871194694,
  "mean_rmse_real_vs_nominal": 26.889711141586304,
  "mean_mae_real_vs_virtual": 12.312108122385466,
  "mean_mae_real_vs_nominal": 13.967851932232197,
  "mean_mard_real_vs_virtual_pct": 4.087706640935862,
  "mean_mard_real_vs_nominal_pct": 4.309768272707095,
  "mean_improve_rmse_pct": -1.7886374231034239,
  "virtual_better_ratio": 0.5384615384615384,
  "best_improve_rmse_pct": 93.1848762788812,
  "worst_improve_rmse_pct": -358.7950197166879
}