train_cases,test_cases,obs_dim,param_dim,ok_ratio,mean_uncertainty,mean_abs_err_all_params,mean_rel_err_all_params,within_10pct_all_ratio,mean_abs_err_kabs,mean_rel_err_kabs,mean_abs_err_kmax,mean_rel_err_kmax,mean_abs_err_kmin,mean_rel_err_kmin,mean_abs_err_kp1,mean_rel_err_kp1,mean_abs_err_kp2,mean_rel_err_kp2,mean_abs_err_kp3,mean_rel_err_kp3,mean_abs_err_ka1,mean_rel_err_ka1,mean_abs_err_ka2,mean_rel_err_ka2,mean_abs_err_kd,mean_rel_err_kd,mean_abs_err_ksc,mean_rel_err_ksc,mean_abs_err_Vmx,mean_rel_err_Vmx,mean_abs_err_Km0,mean_rel_err_Km0
102,26,288,12,1.0,0.06657256277946708,0.07380115107083932,0.0727187334723597,0.07692307692307693,0.1186485244677617,0.12300339357460349,0.08189364580007699,0.07966605851897096,0.06477352059804477,0.05975386637200629,0.05364137200208811,0.05421768218969691,0.08626878490814796,0.08029743284354283,0.08911483792158273,0.08401818591398467,0.10192265418859628,0.10548787943417857,0.08574643960365883,0.08601122465712896,0.04877466651109549,0.047953097191452715,0.04544981626363901,0.04565633209137203,0.050357889670592085,0.049159086254328674,0.05902166091478788,0.057400562627050275
