{
  "n_cases": 26,
  "mean_rmse_real_vs_virtual": 13.65274458206617,
  "mean_rmse_real_vs_nominal": 35.6335484798138,
  "mean_mae_real_vs_virtual": 12.633136038596813,
  "mean_mae_real_vs_nominal": 33.87665055348323,
  "mean_mard_real_vs_virtual_pct": 6.307895615911828,
  "mean_mard_real_vs_nominal_pct": 16.248510190500664,
  "mean_improve_rmse_pct": 61.75316203170694,
  "virtual_better_ratio": 0.9615384615384616,
  "best_improve_rmse_pct": 88.60364900839602,
  "worst_improve_rmse_pct": -35.631981240120595
}