train_cases,test_cases,obs_dim,param_dim,ok_ratio,mean_uncertainty,mean_abs_err_all_params,mean_rel_err_all_params,within_10pct_all_ratio,mean_abs_err_kabs,mean_rel_err_kabs,mean_abs_err_kmax,mean_rel_err_kmax,mean_abs_err_kmin,mean_rel_err_kmin,mean_abs_err_kp1,mean_rel_err_kp1,mean_abs_err_kp2,mean_rel_err_kp2,mean_abs_err_kp3,mean_rel_err_kp3,mean_abs_err_ka1,mean_rel_err_ka1,mean_abs_err_ka2,mean_rel_err_ka2,mean_abs_err_kd,mean_rel_err_kd,mean_abs_err_ksc,mean_rel_err_ksc,mean_abs_err_Vmx,mean_rel_err_Vmx,mean_abs_err_Km0,mean_rel_err_Km0
102,26,288,12,1.0,0.07122972588508557,0.07865254752911054,0.0773697013167096,0.0,0.11953920355209938,0.12558006793724405,0.08820931040323697,0.08638515319749464,0.09917735594969529,0.0937917551213425,0.07395694576776944,0.07083068259204924,0.1049520167020651,0.10581142563906439,0.062371751436820395,0.0602103510390209,0.09627061853042015,0.09177438198832323,0.09802886155935434,0.09293639605913656,0.04808506598839393,0.04882652602205844,0.04526440455363347,0.04687695085820501,0.054775040883284346,0.052558920228424705,0.05319999502255367,0.05285380511815141
