train_cases,test_cases,obs_dim,param_dim,ok_ratio,mean_uncertainty,mean_abs_err_all_params,mean_rel_err_all_params,within_10pct_all_ratio,mean_abs_err_kabs,mean_rel_err_kabs,mean_abs_err_kmax,mean_rel_err_kmax,mean_abs_err_kmin,mean_rel_err_kmin,mean_abs_err_kp1,mean_rel_err_kp1,mean_abs_err_kp2,mean_rel_err_kp2,mean_abs_err_kp3,mean_rel_err_kp3,mean_abs_err_ka1,mean_rel_err_ka1,mean_abs_err_ka2,mean_rel_err_ka2,mean_abs_err_kd,mean_rel_err_kd,mean_abs_err_ksc,mean_rel_err_ksc,mean_abs_err_Vmx,mean_rel_err_Vmx,mean_abs_err_Km0,mean_rel_err_Km0
102,26,288,12,1.0,0.06364196713249652,0.073319612405239,0.07360150227266103,0.0,0.11529110257442181,0.11524014298760024,0.09580715344502376,0.09896886696685668,0.0900175479742197,0.09057733755549949,0.04377253926717318,0.04588890933949586,0.07811059860082772,0.07981348461541485,0.06655371418366066,0.06633265583522573,0.09060317277908325,0.08834088648267355,0.09570008516311646,0.0921696730076871,0.046931986625377946,0.0488758161341286,0.04900801869539114,0.050062932193948334,0.049353175438367404,0.049037964060165556,0.05868625411620507,0.05790935809323634
