train_cases,test_cases,obs_dim,param_dim,ok_ratio,mean_uncertainty,mean_abs_err_all_params,mean_rel_err_all_params,within_10pct_all_ratio,mean_abs_err_kabs,mean_rel_err_kabs,mean_abs_err_kmax,mean_rel_err_kmax,mean_abs_err_kmin,mean_rel_err_kmin,mean_abs_err_kp1,mean_rel_err_kp1,mean_abs_err_kp2,mean_rel_err_kp2,mean_abs_err_kp3,mean_rel_err_kp3,mean_abs_err_ka1,mean_rel_err_ka1,mean_abs_err_ka2,mean_rel_err_ka2,mean_abs_err_kd,mean_rel_err_kd,mean_abs_err_ksc,mean_rel_err_ksc,mean_abs_err_Vmx,mean_rel_err_Vmx,mean_abs_err_Km0,mean_rel_err_Km0
102,26,288,12,1.0,0.06775770215795208,0.07700819808703202,0.07701732901009498,0.0,0.09959510656503531,0.10178923116056615,0.05903509259223938,0.061982676886919094,0.08546168758318974,0.08406524937811652,0.10937755382978,0.10775372855109715,0.09492868872789237,0.08862521410002025,0.08853148038570698,0.09124159667044597,0.09445675290547885,0.09117949895316053,0.09076714057188767,0.09155572184661295,0.053249322451077975,0.05320929806645577,0.05022402680837191,0.050793824782933025,0.05100885262856117,0.05291957756447411,0.047462671995162964,0.0490923301603381
